loss,accuracy,val_loss,val_accuracy,lr
1.2643204927444458,0.5,1.2643203735351562,0.6000000238418579,0.0
1.2643202543258667,0.5740740895271301,1.2640948295593262,1.0,7.973599167598877e-07
1.2642048597335815,0.7407407164573669,1.2636319398880005,1.0,1.5947198335197754e-06
1.263980746269226,0.7407407164573669,1.262937307357788,1.0,2.3920799776533386e-06
1.2635979652404785,0.7407407164573669,1.2620010375976562,1.0,3.189439667039551e-06
1.2631524801254272,0.7407407164573669,1.2608122825622559,1.0,3.9867995837994386e-06
1.2625083923339844,0.7407407164573669,1.259347677230835,1.0,4.784159955306677e-06
1.2618138790130615,0.7407407164573669,1.2575751543045044,1.0,5.581519417319214e-06
1.260887622833252,0.7407407164573669,1.2554290294647217,1.0,6.378879334079102e-06
1.2598252296447754,0.7407407164573669,1.252864122390747,1.0,7.176239250838989e-06
1.2586278915405273,0.7407407164573669,1.2498013973236084,1.0,7.973599167598877e-06
1.2572416067123413,0.7407407164573669,1.246185541152954,1.0,8.770959539106116e-06
1.2553480863571167,0.7407407164573669,1.2419078350067139,1.0,9.568319910613354e-06
1.2533930540084839,0.7407407164573669,1.236894965171814,1.0,1.0365679372625891e-05
1.2512027025222778,0.7407407164573669,1.2310181856155396,1.0,1.1163038834638428e-05
1.2485573291778564,0.7407407164573669,1.2241297960281372,1.0,1.1960399206145667e-05
1.2454521656036377,0.7407407164573669,1.2161115407943726,1.0,1.2757758668158203e-05
1.2418212890625,0.7407407164573669,1.2068403959274292,1.0,1.3555119039665442e-05
1.23801851272583,0.7407407164573669,1.1961677074432373,1.0,1.4352478501677979e-05
1.2331112623214722,0.7407407164573669,1.1839865446090698,1.0,1.5149837963690516e-05
1.228318691253662,0.7407407164573669,1.170210599899292,1.0,1.5947198335197754e-05
1.222495436668396,0.7407407164573669,1.154806137084961,1.0,1.6744559616199695e-05
1.2160159349441528,0.7407407164573669,1.137700080871582,1.0,1.754191907821223e-05
1.2087037563323975,0.7407407164573669,1.118784785270691,1.0,1.8339276721235365e-05
1.2023978233337402,0.7407407164573669,1.0984526872634888,1.0,1.913663982122671e-05
1.1936113834381104,0.7407407164573669,1.076663613319397,1.0,1.9933999283239245e-05
1.1863189935684204,0.7407407164573669,1.0536917448043823,1.0,2.0731358745251782e-05
1.1787199974060059,0.7407407164573669,1.0296522378921509,1.0,2.152871820726432e-05
1.1694170236587524,0.7407407164573669,1.0050652027130127,1.0,2.2326077669276856e-05
1.1625394821166992,0.7407407164573669,0.9801234006881714,1.0,2.3123438950278796e-05
1.1562414169311523,0.7407407164573669,0.9551733136177063,1.0,2.3920798412291333e-05
1.1490328311920166,0.7407407164573669,0.9305895566940308,1.0,2.471815787430387e-05
1.142765998840332,0.7407407164573669,0.906995952129364,1.0,2.5515517336316407e-05
1.1381158828735352,0.7407407164573669,0.8845709562301636,1.0,2.6312876798328944e-05
1.1336771249771118,0.7407407164573669,0.8636883497238159,1.0,2.7110238079330884e-05
1.1302777528762817,0.7407407164573669,0.8445230722427368,1.0,2.790759754134342e-05
1.1306780576705933,0.7407407164573669,0.8274103403091431,1.0,2.8704957003355958e-05
1.1279540061950684,0.7407407164573669,0.8122273683547974,1.0,2.9502316465368494e-05
1.1259902715682983,0.7407407164573669,0.7994745969772339,1.0,3.029967592738103e-05
1.1260123252868652,0.7407407164573669,0.7891981601715088,1.0,3.109703538939357e-05
1.1243187189102173,0.7407407164573669,0.7814919948577881,1.0,3.189439667039551e-05
1.122642159461975,0.7407407164573669,0.7764228582382202,1.0,3.269175795139745e-05
1.1185064315795898,0.7407407164573669,0.7739284038543701,1.0,3.348911923239939e-05
1.112391471862793,0.7407407164573669,0.7739925980567932,1.0,3.428647687542252e-05
1.1130503416061401,0.7407407164573669,0.776293933391571,1.0,3.508383815642446e-05
1.110534906387329,0.7407407164573669,0.7802236676216125,1.0,3.5881195799447596e-05
1.0983089208602905,0.7407407164573669,0.7860119342803955,1.0,3.667855344247073e-05
1.0983054637908936,0.7407407164573669,0.7887089252471924,1.0,3.747591836145148e-05
1.0859534740447998,0.7407407164573669,0.7840599417686462,1.0,3.827327964245342e-05
1.0755664110183716,0.7407407164573669,0.7755235433578491,1.0,3.907063728547655e-05
1.063673973083496,0.7407407164573669,0.7639731168746948,1.0,3.986799856647849e-05
1.052823543548584,0.7407407164573669,0.7520381808280945,1.0,4.0665356209501624e-05
1.0437811613082886,0.7407407164573669,0.7413519024848938,1.0,4.1462717490503564e-05
1.0431936979293823,0.7407407164573669,0.730745792388916,1.0,4.22600751335267e-05
1.0334954261779785,0.7407407164573669,0.7217593193054199,1.0,4.305743641452864e-05
1.0121843814849854,0.7407407164573669,0.7145704030990601,1.0,4.385479405755177e-05
0.9895749092102051,0.7407407164573669,0.7082494497299194,1.0,4.465215533855371e-05
0.9664478302001953,0.7407407164573669,0.7036935091018677,1.0,4.5449512981576845e-05
0.954468309879303,0.8333333134651184,0.7131516933441162,1.0,4.624687790055759e-05
0.9490302801132202,0.8888888955116272,0.7572377920150757,1.0,4.7044235543580726e-05
0.9243873953819275,0.9444444179534912,0.7137517929077148,1.0,4.7841596824582666e-05
0.8869458436965942,0.9074074029922485,0.6945270895957947,1.0,4.86389544676058e-05
0.8630330562591553,0.9074074029922485,0.6938629150390625,1.0,4.943631574860774e-05
0.8703870177268982,0.9074074029922485,0.6862477660179138,1.0,5.023367339163087e-05
0.8300508856773376,0.9259259104728699,0.6653297543525696,1.0,5.1031034672632813e-05
0.8340868353843689,0.9074074029922485,0.6541913747787476,1.0,5.1828395953634754e-05
0.7986022233963013,0.9259259104728699,0.6466013193130493,1.0,5.262575359665789e-05
0.8106749057769775,0.9074074029922485,0.6418891549110413,1.0,5.3423118515638635e-05
0.7731925845146179,0.9444444179534912,0.6378397941589355,1.0,5.422047615866177e-05
0.7998676300048828,0.9259259104728699,0.6329221725463867,1.0,5.501783743966371e-05
0.7751044631004333,0.9259259104728699,0.6336040496826172,1.0,5.581519508268684e-05
0.7317221760749817,0.9444444179534912,0.6365238428115845,1.0,5.661255636368878e-05
0.7604587078094482,0.9444444179534912,0.6242815256118774,1.0,5.7409914006711915e-05
0.7307895421981812,0.8888888955116272,0.568816602230072,1.0,5.8207275287713856e-05
0.6782288551330566,0.9444444179534912,0.5661938190460205,1.0,5.900463293073699e-05
0.6748185157775879,0.9629629850387573,0.5986993312835693,1.0,5.980199421173893e-05
0.6791554689407349,0.9629629850387573,0.6849115490913391,1.0,6.059935185476206e-05
0.6984326839447021,0.9629629850387573,0.7561614513397217,1.0,6.1396713135764e-05
0.7517768740653992,0.9814814925193787,0.8324092626571655,0.800000011920929,6.219407077878714e-05
0.7033595442771912,0.9629629850387573,1.1115636825561523,0.800000011920929,6.299143569776788e-05
0.6946508884429932,0.9629629850387573,0.6263074278831482,1.0,6.378879334079102e-05
0.6855014562606812,0.9444444179534912,0.5800321102142334,1.0,6.458615098381415e-05
0.6760904788970947,0.9629629850387573,0.6335479617118835,1.0,6.53835159027949e-05
0.6154578924179077,0.9629629850387573,0.6365960240364075,1.0,6.618087354581803e-05
0.6236153841018677,0.9629629850387573,0.6378560066223145,1.0,6.697823846479878e-05
0.6632901430130005,0.9259259104728699,0.6420029997825623,1.0,6.777559610782191e-05
0.6843445301055908,0.9444444179534912,0.6740249991416931,1.0,6.857295375084504e-05
0.6099905967712402,0.9629629850387573,0.7417606115341187,1.0,6.937031139386818e-05
0.6298774480819702,0.9444444179534912,0.7250330448150635,1.0,7.016767631284893e-05
0.6496692299842834,0.9444444179534912,0.659151017665863,1.0,7.096503395587206e-05
0.6335669755935669,0.9814814925193787,0.548080325126648,1.0,7.176239159889519e-05
0.5969078540802002,1.0,0.5474545955657959,1.0,7.255974924191833e-05
0.6989161372184753,0.9444444179534912,0.5471676588058472,1.0,7.335710688494146e-05
0.6380283832550049,0.9814814925193787,0.5469386577606201,1.0,7.415447907987982e-05
0.6763085126876831,0.9814814925193787,0.5467689633369446,1.0,7.495183672290295e-05
0.6665278673171997,0.9629629850387573,0.5465410947799683,1.0,7.574919436592609e-05
0.6042468547821045,1.0,0.5462695956230164,1.0,7.654655928490683e-05
0.6594432592391968,0.9259259104728699,0.5459468364715576,1.0,7.734391692792997e-05
0.57262122631073,1.0,0.5456303358078003,1.0,7.81412745709531e-05
0.6503781080245972,0.9259259104728699,0.5453758239746094,1.0,7.893863221397623e-05
0.7305783629417419,0.9444444179534912,0.5452010631561279,1.0,7.973599713295698e-05
0.7165753245353699,0.9444444179534912,0.545098602771759,1.0,8.053335477598011e-05
0.6595460176467896,0.9629629850387573,0.5450465679168701,1.0,8.133071241900325e-05
0.5595340728759766,1.0,0.5450129508972168,1.0,8.212807006202638e-05
0.5533724427223206,1.0,0.5450096726417542,1.0,8.292543498100713e-05
0.692404568195343,0.9259259104728699,0.5448496341705322,1.0,8.372279262403026e-05
0.6562114357948303,0.9629629850387573,0.5447227358818054,1.0,8.45201502670534e-05
0.6483227014541626,0.9629629850387573,0.5444854497909546,1.0,8.531750791007653e-05
0.5644334554672241,0.9814814925193787,0.5442573428153992,1.0,8.611487282905728e-05
0.627852201461792,0.9814814925193787,0.5441286563873291,1.0,8.691223047208041e-05
0.5931477546691895,0.9814814925193787,0.5439037084579468,1.0,8.770958811510354e-05
0.6480789184570312,0.9814814925193787,0.5437694787979126,1.0,8.850694575812668e-05
0.5910778641700745,0.9814814925193787,0.5437033176422119,1.0,8.930431067710742e-05
0.5591239929199219,1.0,0.5436393618583679,1.0,9.010166832013056e-05
0.599914014339447,0.9629629850387573,0.5435857772827148,1.0,9.089902596315369e-05
0.5953496098518372,0.9814814925193787,0.5432705283164978,1.0,9.169639815809205e-05
0.6364752650260925,0.9814814925193787,0.5430306196212769,1.0,9.249375580111519e-05
0.5933696627616882,0.9814814925193787,0.5429164171218872,1.0,9.329111344413832e-05
0.5585110783576965,1.0,0.5427443981170654,1.0,9.408847108716145e-05
0.5826262831687927,0.9814814925193787,0.5428338050842285,1.0,9.48858360061422e-05
0.5726962089538574,1.0,0.5429102182388306,1.0,9.568319364916533e-05
0.5691927075386047,1.0,0.5422658324241638,1.0,9.648055129218847e-05
0.5983086228370667,0.9814814925193787,0.5414043664932251,1.0,9.72779089352116e-05
0.5825221538543701,0.9814814925193787,0.5406630039215088,1.0,9.807527385419235e-05
0.6010758280754089,0.9629629850387573,0.5402746200561523,1.0,9.887263149721548e-05
0.5705714225769043,0.9814814925193787,0.5398461818695068,1.0,9.966998914023861e-05
0.5957979559898376,0.9814814925193787,0.539502739906311,1.0,0.00010046734678326175
0.548754096031189,1.0,0.5392515659332275,1.0,0.0001012647117022425
0.559004008769989,1.0,0.5389750599861145,1.0,0.00010206206934526563
0.5602887868881226,0.9814814925193787,0.5380262136459351,1.0,0.00010285942698828876
0.5858507752418518,0.9629629850387573,0.5375009179115295,1.0,0.00010365679190726951
0.6311964988708496,0.9814814925193787,0.5371047854423523,1.0,0.00010445414955029264
0.6182308197021484,0.9814814925193787,0.5367070436477661,1.0,0.00010525150719331577
0.5429175496101379,1.0,0.5363180041313171,1.0,0.00010604886483633891
0.5849151015281677,0.9814814925193787,0.5359043478965759,1.0,0.00010684623703127727
0.6175755262374878,0.9814814925193787,0.5354924201965332,1.0,0.0001076435946743004
0.5423895120620728,1.0,0.5350938439369202,1.0,0.00010844095231732354
0.6418782472610474,0.9814814925193787,0.5347523093223572,1.0,0.00010923830996034667
0.6298441290855408,0.9814814925193787,0.5344687700271606,1.0,0.00011003567487932742
0.5434525012969971,1.0,0.5341801643371582,1.0,0.00011083303252235055
0.5428505539894104,1.0,0.5338767766952515,1.0,0.00011163039016537368
0.6109687685966492,0.9814814925193787,0.53353351354599,1.0,0.00011242774780839682
0.5829536318778992,0.9814814925193787,0.5331462621688843,1.0,0.00011322511272737756
0.5457689762115479,1.0,0.5327498912811279,1.0,0.0001140224703704007
0.5385110378265381,1.0,0.5323604345321655,1.0,0.00011481982801342383
0.6451845765113831,0.9814814925193787,0.532019853591919,1.0,0.00011561719293240458
0.6435726284980774,0.9814814925193787,0.5317366123199463,1.0,0.00011641455057542771
0.618682324886322,0.9814814925193787,0.5315107107162476,1.0,0.00011721190821845084
0.6419053077697754,0.9629629850387573,0.5314538478851318,1.0,0.00011800926586147398
0.5435856580734253,1.0,0.5315916538238525,1.0,0.00011880663078045473
0.5465962290763855,1.0,0.5339951515197754,1.0,0.00011960398842347786
0.5875515937805176,0.9814814925193787,0.5466598272323608,1.0,0.00012040134606650099
0.5986361503601074,0.9629629850387573,0.5306872129440308,1.0,0.00012119870370952412
0.5391213297843933,1.0,0.5299297571182251,1.0,0.00012199606862850487
0.5412240624427795,1.0,0.5294111967086792,1.0,0.000122793426271528
0.5358595848083496,1.0,0.52894526720047,1.0,0.00012359078391455114
0.5371452569961548,1.0,0.5285080671310425,1.0,0.00012438814155757427
0.65358567237854,0.9629629850387573,0.5281997919082642,1.0,0.00012518551375251263
0.6263956427574158,0.9814814925193787,0.5279492139816284,1.0,0.00012598287139553577
0.6171308159828186,0.9629629850387573,0.5277442932128906,1.0,0.0001267802290385589
0.5324883460998535,1.0,0.527542769908905,1.0,0.00012757758668158203
0.5411179065704346,1.0,0.5273926854133606,1.0,0.00012837494432460517
0.5583117008209229,0.9814814925193787,0.5275070071220398,1.0,0.0001291723019676283
0.5325552821159363,1.0,0.5288965702056885,1.0,0.00012996965961065143
0.5365592241287231,1.0,0.5669298768043518,1.0,0.0001307670318055898
0.7117181420326233,0.9444444179534912,0.5344619750976562,1.0,0.00013156438944861293
0.6111166477203369,0.9629629850387573,0.5260890126228333,1.0,0.00013236174709163606
0.529408872127533,1.0,0.5249723792076111,1.0,0.0001331591047346592
0.5308089256286621,1.0,0.5242727994918823,1.0,0.00013395647692959756
0.5291898846626282,1.0,0.5236813426017761,1.0,0.0001347538345726207
0.5781068205833435,0.9629629850387573,0.5232234001159668,1.0,0.00013555119221564382
0.6164473295211792,0.9444444179534912,0.5233150124549866,1.0,0.00013634854985866696
0.5635036826133728,0.9814814925193787,1.2162424325942993,0.800000011920929,0.0001371459075016901
0.5256569385528564,1.0,1.5023179054260254,0.800000011920929,0.00013794326514471322
0.5474271774291992,0.9814814925193787,1.5309665203094482,0.800000011920929,0.00013874062278773636
0.5476416349411011,0.9814814925193787,1.5384262800216675,0.800000011920929,0.0001395379804307595
0.7034626603126526,0.9444444179534912,1.504363775253296,0.800000011920929,0.00014033535262569785
0.5250719785690308,1.0,1.4705995321273804,0.800000011920929,0.00014113271026872098
0.576289176940918,0.9814814925193787,1.4048395156860352,0.800000011920929,0.00014193006791174412
0.6677675843238831,0.9629629850387573,1.1803827285766602,0.800000011920929,0.00014272742555476725
0.6203723549842834,0.9814814925193787,0.6301348209381104,1.0,0.00014352478319779038
0.6835020780563354,0.9629629850387573,0.5339406132698059,1.0,0.00014432214084081352
0.5607190132141113,0.9814814925193787,0.5406861901283264,1.0,0.00014511949848383665
0.5428014993667603,0.9814814925193787,0.5862082839012146,1.0,0.00014591685612685978
0.5357925891876221,1.0,0.6996392011642456,0.800000011920929,0.00014671421376988292
0.5311623215675354,1.0,0.7750673890113831,0.800000011920929,0.0001475116005167365
0.5267440676689148,1.0,0.8218951225280762,0.800000011920929,0.00014830895815975964
0.5964833498001099,0.9814814925193787,0.8179723024368286,0.800000011920929,0.00014910631580278277
0.607040524482727,0.9814814925193787,0.7269165515899658,0.800000011920929,0.0001499036734458059
0.5310109257698059,1.0,0.6179789900779724,1.0,0.00015070103108882904
0.5263193845748901,1.0,0.5445642471313477,1.0,0.00015149838873185217
0.5263998508453369,1.0,0.5204405784606934,1.0,0.0001522957463748753
0.5265358686447144,1.0,0.5148067474365234,1.0,0.00015309311856981367
0.5205886960029602,1.0,0.513431191444397,1.0,0.0001538904762128368
0.5208338499069214,1.0,0.5127092003822327,1.0,0.00015468783385585994
0.5441896319389343,0.9814814925193787,0.5121350288391113,1.0,0.00015548519149888307
0.5221102833747864,1.0,0.5116003751754761,1.0,0.0001562825491419062
0.5955805778503418,0.9814814925193787,0.5111601948738098,1.0,0.00015707990678492934
0.5185904502868652,1.0,0.510718822479248,1.0,0.00015787726442795247
0.5137792229652405,1.0,0.5102978348731995,1.0,0.0001586746220709756
0.514312744140625,1.0,0.5099127888679504,1.0,0.00015947197971399873
0.5184944272041321,1.0,0.5094068050384521,1.0,0.00015907478518784046
0.5618389844894409,0.9814814925193787,0.5087639689445496,1.0,0.00015868054470047355
0.514559268951416,1.0,0.5082015991210938,1.0,0.00015828924369998276
0.5395809412002563,0.9814814925193787,0.5077242851257324,1.0,0.0001579007803229615
0.5145760774612427,1.0,0.5072349905967712,1.0,0.00015751519822515547
0.5106950998306274,1.0,0.5067499279975891,1.0,0.00015713241009507328
0.5100903511047363,1.0,0.5062670707702637,1.0,0.00015675241593271494
0.5091719627380371,1.0,0.5057882070541382,1.0,0.0001563751429785043
0.5084441304206848,1.0,0.5053125619888306,1.0,0.00015600059123244137
0.5090926885604858,1.0,0.5048362612724304,1.0,0.00015562871703878045
0.5198620557785034,1.0,0.5043454766273499,1.0,0.00015525950584560633
0.508578896522522,1.0,0.5038692951202393,1.0,0.00015489288489334285
0.5207241773605347,1.0,0.5034090280532837,1.0,0.00015452885418199003
0.5633234977722168,0.9814814925193787,0.502986490726471,1.0,0.0001541673846077174
0.5055829882621765,1.0,0.5025680065155029,1.0,0.00015380843251477927
0.5080432295799255,1.0,0.502145528793335,1.0,0.00015345198335126042
0.5306942462921143,0.9814814925193787,0.501702070236206,1.0,0.0001530980080133304
0.5036152005195618,1.0,0.5012634992599487,1.0,0.00015274644829332829
0.6131899356842041,0.9814814925193787,0.5008180737495422,1.0,0.0001523973187431693
0.5259182453155518,0.9814814925193787,0.5003799200057983,1.0,0.00015205057570710778
0.5025434494018555,1.0,0.5001544952392578,1.0,0.00015170619008131325
0.5045232772827148,1.0,0.5214954614639282,1.0,0.0001513641036581248
0.5038830637931824,1.0,0.4991012513637543,1.0,0.0001510243455413729
0.5038086771965027,1.0,0.49855685234069824,1.0,0.0001506868575233966
0.5741724371910095,0.9814814925193787,0.4981142580509186,1.0,0.00015035162505228072
0.4994871914386749,1.0,0.49768704175949097,1.0,0.00015001861902419478
0.5275897979736328,0.9814814925193787,0.49725204706192017,1.0,0.0001496878103353083
0.4985712766647339,1.0,0.49682193994522095,1.0,0.00014935919898562133
0.5655556917190552,0.9814814925193787,0.4963783323764801,1.0,0.00014903272676747292
0.5414585471153259,0.9814814925193787,0.49595946073532104,1.0,0.00014870839368086308
0.5232205986976624,0.9814814925193787,0.4955540597438812,1.0,0.00014838615607004613
0.5043561458587646,1.0,0.49514317512512207,1.0,0.00014806601393502206
0.5005982518196106,1.0,0.49472951889038086,1.0,0.00014774792362004519
0.5026666522026062,1.0,0.4943113923072815,1.0,0.00014743191422894597
0.557819128036499,0.9814814925193787,0.49387913942337036,1.0,0.00014711788389831781
0.4959415793418884,1.0,0.4934511184692383,1.0,0.00014680584718007594
0.5127896070480347,0.9814814925193787,0.4930395185947418,1.0,0.0001464958186261356
0.5727454423904419,0.9814814925193787,0.49260854721069336,1.0,0.0001461877254769206
0.49499303102493286,1.0,0.49218326807022095,1.0,0.00014588158228434622
0.4956299066543579,1.0,0.49176454544067383,1.0,0.00014557734539266676
0.49542731046676636,1.0,0.4913540780544281,1.0,0.00014527500024996698
0.49847647547721863,1.0,0.49095502495765686,1.0,0.00014497453230433166
0.5143957734107971,0.9814814925193787,0.49055519700050354,1.0,0.00014467591245193034
0.49733927845954895,1.0,0.4901692271232605,1.0,0.00014437915524467826
0.5183270573616028,0.9814814925193787,0.4897898733615875,1.0,0.0001440842024749145
0.4954680800437927,1.0,0.4894247055053711,1.0,0.00014379105414263904
0.5080276131629944,1.0,0.48901790380477905,1.0,0.00014349966659210622
0.5067638158798218,1.0,0.48860636353492737,1.0,0.0001432100689271465
0.4981030225753784,1.0,0.4882046580314636,1.0,0.00014292221749201417
0.49592745304107666,1.0,0.48781242966651917,1.0,0.00014263606863096356
0.5727442502975464,0.9814814925193787,0.48735132813453674,1.0,0.00014235166599974036
0.5072392821311951,0.9814814925193787,0.486872136592865,1.0,0.00014206893683876842
0.495644211769104,1.0,0.48643237352371216,1.0,0.00014178788114804775
0.49081161618232727,1.0,0.4860146641731262,1.0,0.00014150851347949356
0.4921225309371948,1.0,0.4856094419956207,1.0,0.00014123076107352972
0.4956122040748596,1.0,0.4852132797241211,1.0,0.0001409546530339867
0.48958784341812134,1.0,0.48482251167297363,1.0,0.000140680160257034
0.5213181972503662,0.9814814925193787,0.48445552587509155,1.0,0.0001404072536388412
0.487846702337265,1.0,0.4840970039367676,1.0,0.0001401359331794083
0.48888537287712097,1.0,0.48375827074050903,1.0,0.00013986616977490485
0.4853058457374573,1.0,0.4834497570991516,1.0,0.00013959799252916127
0.48538780212402344,1.0,0.48321786522865295,1.0,0.00013933132868260145
0.4853312075138092,1.0,0.4831010699272156,1.0,0.00013906617823522538
0.4844397306442261,1.0,0.48321595788002014,1.0,0.00013880254118703306
0.48419177532196045,1.0,0.4836648106575012,1.0,0.00013854040298610926
0.48341405391693115,1.0,0.48464518785476685,1.0,0.00013827974908053875
0.4844740033149719,1.0,0.4852208197116852,1.0,0.00013802055036649108
0.48241227865219116,1.0,0.485659658908844,1.0,0.00013776280684396625
0.48942697048187256,1.0,0.4815329909324646,1.0,0.00013750651851296425
0.48269256949424744,1.0,0.48038893938064575,1.0,0.0001372516417177394
0.4813952147960663,1.0,0.4797805845737457,1.0,0.00013699816190637648
0.48121923208236694,1.0,0.47929930686950684,1.0,0.0001367460936307907
0.4799872040748596,1.0,0.47886770963668823,1.0,0.00013649542233906686
0.5320420861244202,0.9814814925193787,0.4784160256385803,1.0,0.00013624611892737448
0.47908109426498413,1.0,0.47799816727638245,1.0,0.0001359981542918831
0.4882223904132843,1.0,0.4775906205177307,1.0,0.0001357515575364232
0.4793172776699066,1.0,0.47719472646713257,1.0,0.00013550631410907954
0.47885754704475403,1.0,0.47680577635765076,1.0,0.00013526238035410643
0.48319071531295776,1.0,0.47642308473587036,1.0,0.00013501974171958864
0.4843258261680603,1.0,0.47604823112487793,1.0,0.00013477842730935663
0.4900812804698944,1.0,0.47567814588546753,1.0,0.00013453839346766472
0.49135830998420715,1.0,0.4753184914588928,1.0,0.0001342996401945129
0.5484360456466675,0.9814814925193787,0.47499212622642517,1.0,0.00013406215293798596
0.4794984757900238,1.0,0.4747842252254486,1.0,0.00013382591714616865
0.4850847125053406,1.0,0.47879353165626526,1.0,0.00013359093281906098
0.5314362049102783,0.9629629850387573,0.4782356321811676,1.0,0.0001333571708528325
0.47943222522735596,1.0,0.4847353994846344,1.0,0.0001331246312474832
0.511581301689148,0.9814814925193787,0.47337016463279724,1.0,0.0001328933285549283
0.47654587030410767,1.0,0.47283297777175903,1.0,0.0001326632045675069
0.5253111720085144,0.9814814925193787,0.472451388835907,1.0,0.00013243427383713424
0.5738476514816284,0.9814814925193787,0.4721165597438812,1.0,0.00013220652181189507
0.4747174084186554,1.0,0.4717913568019867,1.0,0.0001319799484917894
0.4735044836997986,1.0,0.4714742600917816,1.0,0.000131754539324902
0.4810696840286255,1.0,0.4711546003818512,1.0,0.00013153027975931764
0.5012478828430176,0.9629629850387573,0.4708573818206787,1.0,0.0001313071552431211
0.5729513764381409,0.9629629850387573,0.47046297788619995,1.0,0.00013108515122439712
0.4786815941333771,1.0,0.4700818955898285,1.0,0.0001308642968069762
0.4833464026451111,1.0,0.46973586082458496,1.0,0.0001306445337831974
0.47249454259872437,1.0,0.46939975023269653,1.0,0.0001304258912568912
0.4703333377838135,1.0,0.4690684676170349,1.0,0.00013020832557231188
0.47411105036735535,1.0,0.4687405526638031,1.0,0.00012999186583328992
0.46942031383514404,1.0,0.46841344237327576,1.0,0.00012977646838407964
0.470932275056839,1.0,0.4680826663970947,1.0,0.00012956213322468102
0.4693693518638611,1.0,0.46775221824645996,1.0,0.00012934884580317885
0.4690472185611725,1.0,0.46742182970046997,1.0,0.00012913663522340357
0.4803124964237213,1.0,0.467093288898468,1.0,0.0001289254578296095
0.468139111995697,1.0,0.46677693724632263,1.0,0.00012871529906988144
0.46774521470069885,1.0,0.4665152430534363,1.0,0.0001285061880480498
0.4671880006790161,1.0,0.4666326642036438,1.0,0.00012829808110836893
0.46778157353401184,1.0,0.469381183385849,1.0,0.00012809097825083882
0.46671900153160095,1.0,0.49687495827674866,1.0,0.00012788487947545946
0.46613967418670654,1.0,0.6101347208023071,0.800000011920929,0.00012767977023031563
0.4847502112388611,0.9814814925193787,0.5109876394271851,1.0,0.00012747565051540732
0.46597135066986084,1.0,0.4695988595485687,1.0,0.00012727250577881932
0.4650867283344269,1.0,0.4647817611694336,1.0,0.0001270703214686364
0.46477311849594116,1.0,0.4638511538505554,1.0,0.00012686909758485854
0.46444493532180786,1.0,0.46335816383361816,1.0,0.00012666883412748575
0.5088901519775391,0.9814814925193787,0.5343105792999268,1.0,0.0001264695165446028
0.5062690377235413,0.9814814925193787,0.6893142461776733,0.800000011920929,0.00012627113028429449
0.4826391935348511,0.9814814925193787,0.4622412323951721,1.0,0.00012607366079464555
0.46313804388046265,1.0,0.4618893563747406,1.0,0.00012587713717948645
0.47167304158210754,1.0,0.46154874563217163,1.0,0.00012568153033498675
0.5367621183395386,0.9629629850387573,0.4611864686012268,1.0,0.0001254868257092312
0.4857061803340912,0.9814814925193787,0.46083778142929077,1.0,0.0001252930233022198
0.4623163044452667,1.0,0.46049290895462036,1.0,0.00012510012311395258
0.47005733847618103,1.0,0.4601537585258484,1.0,0.00012490809604059905
0.46206676959991455,1.0,0.45981669425964355,1.0,0.00012471695663407445
0.46272480487823486,1.0,0.4594816267490387,1.0,0.00012452669034246355
0.465314120054245,1.0,0.4591491222381592,1.0,0.0001243373117176816
0.4646131098270416,1.0,0.45881929993629456,1.0,0.00012414876255206764
0.4671129584312439,1.0,0.4584920406341553,1.0,0.00012396110105328262
0.473664253950119,1.0,0.4581644535064697,1.0,0.0001237742544617504
0.46206727623939514,1.0,0.4578373432159424,1.0,0.00012358828098513186
0.4596867859363556,1.0,0.4575110375881195,1.0,0.00012340313696768135
0.47957006096839905,0.9814814925193787,0.45718517899513245,1.0,0.00012321880785748363
0.5265349745750427,0.9814814925193787,0.4568490982055664,1.0,0.00012303530820645392
0.45792490243911743,1.0,0.4565142095088959,1.0,0.000122852623462677
0.45771506428718567,1.0,0.4561808705329895,1.0,0.00012267075362615287
0.4572083652019501,1.0,0.4558486342430115,1.0,0.0001224896841449663
0.4570038318634033,1.0,0.45551759004592896,1.0,0.00012230942957103252
0.45636165142059326,1.0,0.4551876187324524,1.0,0.00012212996080052108
0.45613330602645874,1.0,0.4548586905002594,1.0,0.00012195127783343196
0.4561311602592468,1.0,0.4545307755470276,1.0,0.00012177337339380756
0.4553471803665161,1.0,0.45420366525650024,1.0,0.00012159624020569026
0.4565071761608124,1.0,0.45387816429138184,1.0,0.0001214198928209953
0.4564495384693146,1.0,0.45355406403541565,1.0,0.00012124430213589221
0.45624664425849915,1.0,0.4532315731048584,1.0,0.00012106947542633861
0.454292893409729,1.0,0.4529098570346832,1.0,0.00012089539086446166
0.45392557978630066,1.0,0.45258864760398865,1.0,0.0001207220702781342
0.4534902572631836,1.0,0.4522678852081299,1.0,0.00012054948456352577
0.45427390933036804,1.0,0.4519471228122711,1.0,0.00012037764099659398
0.4531897306442261,1.0,0.4516265392303467,1.0,0.00012020652502542362
0.452567458152771,1.0,0.45130664110183716,1.0,0.00012003614392597228
0.4526292383670807,1.0,0.4509868621826172,1.0,0.00011986648314632475
0.4609440565109253,1.0,0.4506654143333435,1.0,0.00011969753541052341
0.4514481723308563,1.0,0.45034509897232056,1.0,0.00011952930799452588
0.46491539478302,0.9814814925193787,0.4500284790992737,1.0,0.0001193617790704593
0.4506610631942749,1.0,0.44971221685409546,1.0,0.00011919496319023892
0.4526103734970093,1.0,0.4493969976902008,1.0,0.00011902883125003427
0.4500354528427124,1.0,0.44908198714256287,1.0,0.0001188634050777182
0.44980180263519287,1.0,0.4487673342227936,1.0,0.00011869865556946024
0.4492326080799103,1.0,0.448452889919281,1.0,0.00011853459000121802
0.4514811336994171,1.0,0.44813793897628784,1.0,0.00011837120837299153
0.5366878509521484,0.9814814925193787,0.4478116035461426,1.0,0.00011820850340882316
0.4483116567134857,1.0,0.44748687744140625,1.0,0.00011804646055679768
0.45122841000556946,1.0,0.44716495275497437,1.0,0.0001178850798169151
0.468654602766037,0.9814814925193787,0.44684678316116333,1.0,0.0001177243611891754
0.44733306765556335,1.0,0.44652992486953735,1.0,0.00011756430467357859
0.44701918959617615,1.0,0.4462140202522278,1.0,0.00011740490299416706
0.4466868042945862,1.0,0.44589900970458984,1.0,0.00011724613432306796
0.4482024013996124,1.0,0.4455844759941101,1.0,0.00011708801321219653
0.4460615813732147,1.0,0.44527071714401245,1.0,0.00011693053238559514
0.44580814242362976,1.0,0.4449576735496521,1.0,0.00011677368456730619
0.44544294476509094,1.0,0.44464540481567383,1.0,0.00011661746248137206
0.44511958956718445,1.0,0.4443337321281433,1.0,0.00011646186612779275
0.4448043406009674,1.0,0.4440227150917053,1.0,0.00011630689550656825
0.4445153772830963,1.0,0.4437122941017151,1.0,0.00011615254334174097
0.4442076086997986,1.0,0.4434024393558502,1.0,0.00011599880235735327
0.4489428997039795,1.0,0.443091481924057,1.0,0.00011584566527744755
0.4461866617202759,1.0,0.44278234243392944,1.0,0.00011569313210202381
0.44385477900505066,1.0,0.44247403740882874,1.0,0.00011554121010703966
0.44293323159217834,1.0,0.442166268825531,1.0,0.00011538987018866464
0.4432057738304138,1.0,0.44185885787010193,1.0,0.00011523914145072922
0.5140441060066223,0.9814814925193787,0.4415409564971924,1.0,0.00011508898751344532
0.44205233454704285,1.0,0.44122499227523804,1.0,0.00011493943020468578
0.4425352215766907,1.0,0.44091057777404785,1.0,0.00011479044769657776
0.44159749150276184,1.0,0.4405979514122009,1.0,0.00011464203998912126
0.44127869606018066,1.0,0.44028693437576294,1.0,0.0001144942143582739
0.441118061542511,1.0,0.4399775564670563,1.0,0.00011434695625212044
0.44909989833831787,1.0,0.43967145681381226,1.0,0.00011420026567066088
0.44038352370262146,1.0,0.43936648964881897,1.0,0.00011405412806198001
0.4401538372039795,1.0,0.4390624165534973,1.0,0.00011390855070203543
0.4397972822189331,1.0,0.43875932693481445,1.0,0.00011376354086678475
0.4395574927330017,1.0,0.43845710158348083,1.0,0.00011361907672835514
0.439200758934021,1.0,0.4381556510925293,1.0,0.0001134751655627042
0.43888580799102783,1.0,0.4378550052642822,1.0,0.00011333180009387434
0.43859827518463135,1.0,0.43755507469177246,1.0,0.00011318898032186553
0.441095769405365,1.0,0.43725672364234924,1.0,0.00011304669169476256
0.43819960951805115,1.0,0.4369591176509857,1.0,0.00011290493421256542
0.4375806748867035,1.0,0.436661958694458,1.0,0.00011276372242718935
0.4374569058418274,1.0,0.43636542558670044,1.0,0.0001126230345107615
0.4370238780975342,1.0,0.4360693097114563,1.0,0.00011248287046328187
0.43671295046806335,1.0,0.43577367067337036,1.0,0.00011234321573283523
0.43636345863342285,1.0,0.43547844886779785,1.0,0.00011220409942325205
0.4368126690387726,1.0,0.4351840019226074,1.0,0.00011206548515474424
0.4359660744667053,1.0,0.4348899722099304,1.0,0.00011192739475518465
0.4371967017650604,1.0,0.43459707498550415,1.0,0.00011178979912074283
0.4351952075958252,1.0,0.4343043863773346,1.0,0.00011165272007929161
0.4348812401294708,1.0,0.43401211500167847,1.0,0.00011151614307891577
0.434566855430603,1.0,0.43372011184692383,1.0,0.0001113800608436577
0.43441224098205566,1.0,0.4334285259246826,1.0,0.00011124448064947501
0.434151828289032,1.0,0.43313735723495483,1.0,0.00011110938794445246
0.43361881375312805,1.0,0.43284645676612854,1.0,0.0001109747972805053
0.4333300292491913,1.0,0.4325558543205261,1.0,0.00011084069410571828
0.4343925714492798,1.0,0.4322659373283386,1.0,0.00011070706386817619
0.43283170461654663,1.0,0.43197646737098694,1.0,0.00011057392839575186
0.4324662387371063,1.0,0.43168726563453674,1.0,0.00011044126586057246
0.43217766284942627,1.0,0.43139830231666565,1.0,0.00011030907626263797
0.4323480427265167,1.0,0.4311099052429199,1.0,0.00011017736687790602
0.43155309557914734,1.0,0.43082180619239807,1.0,0.00011004611587850377
0.4313499331474304,1.0,0.4305340647697449,1.0,0.00010991534509230405
0.432352215051651,1.0,0.4302462637424469,1.0,0.00010978503996739164
0.4306786060333252,1.0,0.4299587607383728,1.0,0.00010965519322780892
0.4304085373878479,1.0,0.42967158555984497,1.0,0.0001095258048735559
0.43007200956344604,1.0,0.4293847680091858,1.0,0.00010939687490463257
0.42978546023368835,1.0,0.42909830808639526,1.0,0.00010926840332103893
0.4298698604106903,1.0,0.42881226539611816,1.0,0.00010914037557085976
0.4291917085647583,1.0,0.4285265803337097,1.0,0.00010901279893005267
0.4292331337928772,1.0,0.42824116349220276,1.0,0.00010888567339861766
0.4287344217300415,1.0,0.42795616388320923,1.0,0.00010875899170059711
0.4284169375896454,1.0,0.42767149209976196,1.0,0.00010863274656003341
0.48021200299263,0.9814814925193787,0.4273903965950012,1.0,0.00010850694525288418
0.4277787506580353,1.0,0.42711061239242554,1.0,0.00010838157322723418
0.42848122119903564,1.0,0.42683881521224976,1.0,0.00010825663775904104
0.42763960361480713,1.0,0.4266759753227234,1.0,0.00010813213157234713
0.42690712213516235,1.0,0.4338211119174957,1.0,0.00010800804739119485
0.426710307598114,1.0,0.5816812515258789,0.800000011920929,0.00010788440704345703
0.43134868144989014,1.0,0.8699064254760742,0.800000011920929,0.00010776118142530322
0.43882331252098083,1.0,1.0537656545639038,0.800000011920929,0.00010763837053673342
0.444402813911438,1.0,1.0857582092285156,0.800000011920929,0.00010751598892966285
0.42563802003860474,1.0,1.106651782989502,0.800000011920929,0.0001073940220521763
0.4252554476261139,1.0,1.1267364025115967,0.800000011920929,0.00010727246262831613
0.4274989366531372,1.0,1.1268237829208374,0.800000011920929,0.00010715131793403998
0.4504351317882538,0.9814814925193787,1.041038155555725,0.800000011920929,0.00010703058796934783
0.4244058430194855,1.0,0.9600595235824585,0.800000011920929,0.00010691026545828208
0.42418941855430603,1.0,0.8853443264961243,0.800000011920929,0.0001067903358489275
0.4239605665206909,1.0,0.8209745287895203,0.800000011920929,0.00010667082096915692
0.42357003688812256,1.0,0.763701319694519,0.800000011920929,0.00010655169899109751
0.4234441816806793,1.0,0.7156575918197632,0.800000011920929,0.00010643298446666449
0.42327627539634705,1.0,0.6753214597702026,0.800000011920929,0.00010631465556798503
0.42285609245300293,1.0,0.6427489519119263,0.800000011920929,0.00010619672684697434
0.42293581366539,1.0,0.6068030595779419,0.800000011920929,0.00010607919102767482
0.4223583936691284,1.0,0.5789007544517517,0.800000011920929,0.00010596204083412886
0.42291900515556335,1.0,0.5606541633605957,0.800000011920929,0.00010584527626633644
0.530070960521698,0.9814814925193787,0.5076971054077148,1.0,0.00010572889732429758
0.4215231239795685,1.0,0.47451329231262207,1.0,0.00010561290400801226
0.4244692623615265,1.0,0.46296805143356323,1.0,0.00010549728904152289
0.42268168926239014,1.0,0.4569748342037201,1.0,0.00010538205242482945
0.4224238693714142,1.0,0.45567601919174194,1.0,0.00010526719415793195
0.4205065071582794,1.0,0.45412740111351013,1.0,0.00010515270696487278
0.42286187410354614,1.0,0.46309971809387207,1.0,0.00010503859812160954
0.4274182617664337,1.0,0.4199426770210266,1.0,0.00010492486035218462
0.4767932891845703,0.9814814925193787,0.4187276363372803,1.0,0.00010481148638064042
0.41950467228889465,1.0,0.4184320569038391,1.0,0.00010469848348293453
0.41927987337112427,1.0,0.41815391182899475,1.0,0.00010458584438310936
0.4368523359298706,0.9814814925193787,0.417879194021225,1.0,0.0001044735690811649
0.41900622844696045,1.0,0.4176061153411865,1.0,0.00010436165030114353
0.41950321197509766,1.0,0.4173346161842346,1.0,0.00010425009531900287
0.4193362891674042,1.0,0.4170646071434021,1.0,0.00010413890413474292
0.4187810719013214,1.0,0.41679587960243225,1.0,0.00010402804764453322
0.4258427917957306,1.0,0.4165295958518982,1.0,0.00010391756222816184
0.41830456256866455,1.0,0.41626447439193726,1.0,0.00010380741878179833
0.41733670234680176,1.0,0.4160001277923584,1.0,0.0001036976245814003
0.41684138774871826,1.0,0.41573628783226013,1.0,0.00010358818690292537
0.41664332151412964,1.0,0.41547316312789917,1.0,0.00010347908391850069
0.41630157828330994,1.0,0.4152105450630188,1.0,0.00010337033018004149
0.4159686267375946,1.0,0.4149482846260071,1.0,0.00010326191841159016
0.41558992862701416,1.0,0.414686381816864,1.0,0.00010315384133718908
0.41541391611099243,1.0,0.4144248962402344,1.0,0.00010304612078471109
0.4150497019290924,1.0,0.414163738489151,1.0,0.00010293872037436813
0.41478440165519714,1.0,0.41390281915664673,1.0,0.00010283166193403304
0.414495587348938,1.0,0.4136420786380768,1.0,0.0001027249381877482
0.4142146706581116,1.0,0.41338151693344116,1.0,0.00010261854185955599
0.4139803349971771,1.0,0.4131212830543518,1.0,0.00010251248022541404
0.4138137996196747,1.0,0.41286104917526245,1.0,0.00010240673873340711
0.4134351909160614,1.0,0.41260090470314026,1.0,0.00010230133193545043
0.41315773129463196,1.0,0.4123409688472748,1.0,0.00010219623800367117
0.4128756821155548,1.0,0.41208118200302124,1.0,0.00010209147876594216
0.41259458661079407,1.0,0.4118214547634125,1.0,0.00010198703967034817
0.41255471110343933,1.0,0.4115617275238037,1.0,0.00010188291344093159
0.41223281621932983,1.0,0.4113021492958069,1.0,0.00010177910735365003
0.41177666187286377,1.0,0.4110427796840668,1.0,0.0001016756214085035
0.41155827045440674,1.0,0.4107836186885834,1.0,0.000101572455605492
0.41121456027030945,1.0,0.41052475571632385,1.0,0.00010146959539270028
0.4110792577266693,1.0,0.4102660119533539,1.0,0.00010136704077012837
0.41070136427879333,1.0,0.41000741720199585,1.0,0.00010126481356564909
0.41053280234336853,1.0,0.40974920988082886,1.0,0.000101162884675432
0.41018468141555786,1.0,0.4094911217689514,1.0,0.0001010612613754347
0.4099293351173401,1.0,0.4092332720756531,1.0,0.00010095994366565719
0.40964847803115845,1.0,0.408975750207901,1.0,0.00010085893154609948
0.40941742062568665,1.0,0.40871840715408325,1.0,0.00010075822501676157
0.4289015531539917,0.9814814925193787,0.4084465503692627,1.0,0.00010065781680168584
0.40888628363609314,1.0,0.40818363428115845,1.0,0.0001005577141768299
0.4086449146270752,1.0,0.407924085855484,1.0,0.00010045790259027854
0.40846964716911316,1.0,0.4076663851737976,1.0,0.00010035839659394696
0.4095848798751831,1.0,0.40741056203842163,1.0,0.00010025917435996234
0.4078667163848877,1.0,0.4071555733680725,1.0,0.0001001602504402399
0.40761274099349976,1.0,0.4069012701511383,1.0,0.00010006161755882204
0.4075007140636444,1.0,0.40664759278297424,1.0,9.996327571570873e-05
0.40717655420303345,1.0,0.4063943028450012,1.0,9.986523218685761e-05
0.4069172143936157,1.0,0.4061415195465088,1.0,9.976746514439583e-05
0.40658828616142273,1.0,0.405889093875885,1.0,9.9669981864281e-05
0.5571937561035156,0.9814814925193787,0.4056362509727478,1.0,9.957279689842835e-05
0.4061239957809448,1.0,0.4053846001625061,1.0,9.947588841896504e-05
0.4058986008167267,1.0,0.40513378381729126,1.0,9.937926370184869e-05
0.4055752456188202,1.0,0.4048836827278137,1.0,9.928292274707928e-05
0.5508600473403931,0.9629629850387573,0.40464073419570923,1.0,9.91868510027416e-05
0.40511354804039,1.0,0.40440043807029724,1.0,9.909106302075088e-05
0.40480276942253113,1.0,0.40416473150253296,1.0,9.899556607706472e-05
0.4045488238334656,1.0,0.4040520191192627,1.0,9.890031651593745e-05
0.40437158942222595,1.0,0.5053593516349792,1.0,9.880536526907235e-05
0.40424102544784546,1.0,1.3012036085128784,0.800000011920929,9.871068323263898e-05
0.40395140647888184,1.0,1.6117379665374756,0.800000011920929,9.861626313067973e-05
0.4968304932117462,0.9629629850387573,1.4340890645980835,0.800000011920929,9.852211951510981e-05
0.4071040749549866,1.0,1.0835624933242798,0.800000011920929,9.8428237834014e-05
0.4033873379230499,1.0,0.6631795763969421,0.800000011920929,9.833463991526514e-05
0.4047696888446808,1.0,0.4382454752922058,1.0,9.824129665503278e-05
0.43051669001579285,0.9814814925193787,0.4025798439979553,1.0,9.814821532927454e-05
0.42990943789482117,0.9814814925193787,0.4017333984375,1.0,9.805541048990563e-05
0.40250301361083984,1.0,0.40146389603614807,1.0,9.796286758501083e-05
0.402079313993454,1.0,0.40121155977249146,1.0,9.787057933863252e-05
0.4018813967704773,1.0,0.40096205472946167,1.0,9.777854575077072e-05
0.40234601497650146,1.0,0.40071430802345276,1.0,9.768677409738302e-05
0.41918590664863586,0.9814814925193787,0.40047115087509155,1.0,9.759527165442705e-05
0.4065243899822235,1.0,0.4002299904823303,1.0,9.750400931807235e-05
0.40470802783966064,1.0,0.3999900817871094,1.0,9.741301619214937e-05
0.4164482355117798,1.0,0.399752676486969,1.0,9.732227772474289e-05
0.4008611738681793,1.0,0.39951518177986145,1.0,9.72317939158529e-05
0.40020594000816345,1.0,0.3992777168750763,1.0,9.714155021356419e-05
0.5110275149345398,0.9814814925193787,0.399053156375885,1.0,9.705156116979197e-05
0.3999810814857483,1.0,0.39882802963256836,1.0,9.696181950857863e-05
0.3997535705566406,1.0,0.39860203862190247,1.0,9.687233250588179e-05
0.3999181091785431,1.0,0.3983747959136963,1.0,9.678309288574383e-05
0.3991823196411133,1.0,0.3981468081474304,1.0,9.669408609624952e-05
0.4616977572441101,0.9814814925193787,0.39793211221694946,1.0,9.660534124122933e-05
0.3992026150226593,1.0,0.3977252244949341,1.0,9.65168364928104e-05
0.3993738293647766,1.0,0.3975561857223511,1.0,9.642857185099274e-05
0.3991388976573944,1.0,0.3976173400878906,1.0,9.634054731577635e-05
0.3984476327896118,1.0,0.4002560079097748,1.0,9.625277016311884e-05
0.3993120491504669,1.0,0.43886494636535645,1.0,9.616522584110498e-05
0.39853358268737793,1.0,0.640653669834137,0.800000011920929,9.60779216256924e-05
0.39904141426086426,1.0,1.0044143199920654,0.800000011920929,9.599085024092346e-05
0.399499773979187,1.0,1.271055817604065,0.800000011920929,9.590402623871341e-05
0.4295608699321747,0.9814814925193787,0.7759497761726379,0.800000011920929,9.581743506714702e-05
0.41047266125679016,1.0,0.404746949672699,1.0,9.573106945026666e-05
0.3971472382545471,1.0,0.3956475257873535,1.0,9.564493666402996e-05
0.3964294195175171,1.0,0.39514586329460144,1.0,9.555904398439452e-05
0.5176842212677002,0.9814814925193787,0.3948476314544678,1.0,9.547337685944512e-05
0.3958694338798523,1.0,0.39458227157592773,1.0,9.538794256513938e-05
0.39538806676864624,1.0,0.39432474970817566,1.0,9.530273382551968e-05
0.3949199914932251,1.0,0.3940710127353668,1.0,9.521776519250125e-05
0.3946763277053833,1.0,0.39381980895996094,1.0,9.513301483821124e-05
0.3945714235305786,1.0,0.39357075095176697,1.0,9.504849003860727e-05
0.3944050967693329,1.0,0.39332345128059387,1.0,9.496419079368934e-05
0.3940519690513611,1.0,0.39307788014411926,1.0,9.488010255154222e-05
0.39381644129753113,1.0,0.3928339183330536,1.0,9.479625441599637e-05
0.3938402831554413,1.0,0.3925914168357849,1.0,9.471263183513656e-05
0.39337360858917236,1.0,0.39235031604766846,1.0,9.462920570513234e-05
0.3931165337562561,1.0,0.39211028814315796,1.0,9.454602695768699e-05
0.39290478825569153,1.0,0.3918713629245758,1.0,9.446305193705484e-05
0.392651230096817,1.0,0.3916335105895996,1.0,9.438029519515112e-05
0.3923303484916687,1.0,0.39139658212661743,1.0,9.429775673197582e-05
0.4233587980270386,0.9814814925193787,0.39116325974464417,1.0,9.421544382348657e-05
0.39210256934165955,1.0,0.39093077182769775,1.0,9.41333346418105e-05
0.3916380703449249,1.0,0.3906988501548767,1.0,9.405144373886287e-05
0.391435831785202,1.0,0.39046746492385864,1.0,9.396976383868605e-05
0.39111220836639404,1.0,0.3902365267276764,1.0,9.388830221723765e-05
0.39091238379478455,1.0,0.3900059163570404,1.0,9.380705159856007e-05
0.39069175720214844,1.0,0.38977572321891785,1.0,9.372601198265329e-05
0.39541420340538025,1.0,0.38954704999923706,1.0,9.36451688176021e-05
0.40241268277168274,1.0,0.3893197774887085,1.0,9.356455120723695e-05
0.38991183042526245,1.0,0.38909274339675903,1.0,9.348413004772738e-05
0.38967856764793396,1.0,0.3888658881187439,1.0,9.340391989098862e-05
0.3894633650779724,1.0,0.38863909244537354,1.0,9.332392073702067e-05
0.3892177939414978,1.0,0.3884125053882599,1.0,9.324411803390831e-05
0.38893789052963257,1.0,0.3881860077381134,1.0,9.316453360952437e-05
0.3887002766132355,1.0,0.3879595398902893,1.0,9.30851383600384e-05
0.38848280906677246,1.0,0.3877331614494324,1.0,9.300595411332324e-05
0.3882583975791931,1.0,0.3875068426132202,1.0,9.292695904150605e-05
0.38800671696662903,1.0,0.38728073239326477,1.0,9.284818224841729e-05
0.38803038001060486,1.0,0.387054443359375,1.0,9.276959463022649e-05
0.38752302527427673,1.0,0.38682839274406433,1.0,9.269120346289128e-05
0.4007890522480011,0.9814814925193787,0.3866013288497925,1.0,9.261302329832688e-05
0.387069970369339,1.0,0.38637492060661316,1.0,9.253503958461806e-05
0.38688457012176514,1.0,0.3861488699913025,1.0,9.24572377698496e-05
0.3866228461265564,1.0,0.3859233856201172,1.0,9.237964695785195e-05
0.38644126057624817,1.0,0.38569825887680054,1.0,9.230223804479465e-05
0.386160671710968,1.0,0.38547343015670776,1.0,9.222503285855055e-05
0.385949969291687,1.0,0.38524889945983887,1.0,9.21480095712468e-05
0.3857136368751526,1.0,0.38502466678619385,1.0,9.207119001075625e-05
0.38548988103866577,1.0,0.3848007023334503,1.0,9.199456690112129e-05
0.385244756937027,1.0,0.3845769166946411,1.0,9.191812569042668e-05
0.38504135608673096,1.0,0.3843534588813782,1.0,9.184187365463004e-05
0.3848378658294678,1.0,0.38413017988204956,1.0,9.176581806968898e-05
0.38459914922714233,1.0,0.38390713930130005,1.0,9.168994438368827e-05
0.38441962003707886,1.0,0.3836843967437744,1.0,9.161425987258554e-05
0.3840928375720978,1.0,0.38346192240715027,1.0,9.153876453638077e-05
0.3838966190814972,1.0,0.38323962688446045,1.0,9.146345109911636e-05
0.3836981952190399,1.0,0.38301753997802734,1.0,9.138833411270753e-05
0.3930228054523468,1.0,0.382796049118042,1.0,9.131339174928144e-05
0.3832719027996063,1.0,0.3825749456882477,1.0,9.123863856075332e-05
0.3830500841140747,1.0,0.3823540210723877,1.0,9.116406727116555e-05
0.3827734589576721,1.0,0.382133424282074,1.0,9.108967788051814e-05
0.38253915309906006,1.0,0.38191303610801697,1.0,9.101546311285347e-05
0.3823232054710388,1.0,0.38169288635253906,1.0,9.094143752008677e-05
0.38208451867103577,1.0,0.38147303462028503,1.0,9.086759382626042e-05
0.3819256126880646,1.0,0.3812534213066101,1.0,9.079393203137442e-05
0.3816697299480438,1.0,0.38103407621383667,1.0,9.072044485947117e-05
0.38141846656799316,1.0,0.38081493973731995,1.0,9.064713231055066e-05
0.38128718733787537,1.0,0.3805961012840271,1.0,9.05740016605705e-05
0.38097116351127625,1.0,0.38037753105163574,1.0,9.050104563357309e-05
0.38079726696014404,1.0,0.3801591694355011,1.0,9.042826422955841e-05
0.380555659532547,1.0,0.37994101643562317,1.0,9.035565744852647e-05
0.38027340173721313,1.0,0.37972313165664673,1.0,9.028323256643489e-05
0.3801286220550537,1.0,0.3795055150985718,1.0,9.021097503136843e-05
0.3799583315849304,1.0,0.37928810715675354,1.0,9.013889211928472e-05
0.3796845078468323,1.0,0.37907081842422485,1.0,9.006698383018374e-05
0.3794715404510498,1.0,0.3788537383079529,1.0,8.999525016406551e-05
0.37920406460762024,1.0,0.3786369562149048,1.0,8.992367656901479e-05
0.3790193200111389,1.0,0.37842032313346863,1.0,8.98522775969468e-05
0.3787706196308136,1.0,0.3782038688659668,1.0,8.978106052381918e-05
0.3785679042339325,1.0,0.3779875338077545,1.0,8.970999624580145e-05
0.37839290499687195,1.0,0.37777140736579895,1.0,8.963911386672407e-05
0.378167986869812,1.0,0.3775554597377777,1.0,8.956839155871421e-05
0.37791386246681213,1.0,0.3773396611213684,1.0,8.949783659772947e-05
0.37766188383102417,1.0,0.3771240711212158,1.0,8.942744898376986e-05
0.37748298048973083,1.0,0.37690871953964233,1.0,8.935722871683538e-05
0.3773927092552185,1.0,0.3766935467720032,1.0,8.928716852096841e-05
0.3770286738872528,1.0,0.3764785826206207,1.0,8.921727567212656e-05
0.37687841057777405,1.0,0.37626373767852783,1.0,8.914755017030984e-05
0.37662220001220703,1.0,0.3760489821434021,1.0,8.907798473956063e-05
0.3764018416404724,1.0,0.3758344352245331,1.0,8.900857937987894e-05
0.37617167830467224,1.0,0.3756200671195984,1.0,8.893934136722237e-05
0.3759668469429016,1.0,0.37540602684020996,1.0,8.887026342563331e-05
0.3757569491863251,1.0,0.37519213557243347,1.0,8.880134555511177e-05
0.37553974986076355,1.0,0.37497836351394653,1.0,8.873258047970012e-05
0.3753146529197693,1.0,0.3747648298740387,1.0,8.866399002727121e-05
0.3750983774662018,1.0,0.3745514452457428,1.0,8.859554509399459e-05
0.37943634390830994,1.0,0.37433940172195435,1.0,8.852726023178548e-05
0.46596759557724,0.9814814925193787,0.3741092383861542,1.0,8.845914271660149e-05
0.3744611144065857,1.0,0.3738843500614166,1.0,8.83911779965274e-05
0.37424102425575256,1.0,0.3736623227596283,1.0,8.832336607156321e-05
0.3740271329879761,1.0,0.37344232201576233,1.0,8.825570694170892e-05
0.37383079528808594,1.0,0.3732239007949829,1.0,8.818820788292214e-05
0.3736245334148407,1.0,0.373006671667099,1.0,8.812086161924526e-05
0.3734254539012909,1.0,0.37279054522514343,1.0,8.805367542663589e-05
0.3732495605945587,1.0,0.37257540225982666,1.0,8.798664202913642e-05
0.3765367567539215,1.0,0.37236183881759644,1.0,8.791975415078923e-05
0.37281468510627747,1.0,0.37214890122413635,1.0,8.785301906755194e-05
0.37257063388824463,1.0,0.371936559677124,1.0,8.778643677942455e-05
0.37241291999816895,1.0,0.37172484397888184,1.0,8.772000728640705e-05
0.37217462062835693,1.0,0.3715135157108307,1.0,8.765373058849946e-05
0.37196409702301025,1.0,0.3713027238845825,1.0,8.758759940974414e-05
0.3717908561229706,1.0,0.37109237909317017,1.0,8.752162102609873e-05
0.3715125322341919,1.0,0.370882511138916,1.0,8.745579543756321e-05
0.37137454748153687,1.0,0.37067297101020813,1.0,8.739011536817998e-05
0.3712103068828583,1.0,0.37046384811401367,1.0,8.732458081794903e-05
0.3709855377674103,1.0,0.37025514245033264,1.0,8.725919178687036e-05
0.37071800231933594,1.0,0.37004682421684265,1.0,8.719394827494398e-05
0.3705381751060486,1.0,0.36983877420425415,1.0,8.712885028216988e-05
0.37027817964553833,1.0,0.3696310222148895,1.0,8.706389780854806e-05
0.37009164690971375,1.0,0.36942359805107117,1.0,8.699909813003615e-05
0.36987802386283875,1.0,0.3692164421081543,1.0,8.69344366947189e-05
0.36963534355163574,1.0,0.3690096139907837,1.0,8.686992805451155e-05
0.3694339096546173,1.0,0.3688030242919922,1.0,8.680555765749887e-05
0.3692583739757538,1.0,0.3685966730117798,1.0,8.674132550368086e-05
0.36908113956451416,1.0,0.36839061975479126,1.0,8.667723886901513e-05
0.3690473139286041,1.0,0.3681849241256714,1.0,8.661329775350168e-05
0.36949366331100464,1.0,0.36797985434532166,1.0,8.65494876052253e-05
0.36837342381477356,1.0,0.367775022983551,1.0,8.64858302520588e-05
0.36819350719451904,1.0,0.36757034063339233,1.0,8.642230386612937e-05
0.36797213554382324,1.0,0.36736592650413513,1.0,8.635892299935222e-05
0.3677617609500885,1.0,0.36716169118881226,1.0,8.629567309981212e-05
0.367606520652771,1.0,0.3669576048851013,1.0,8.623256871942431e-05
0.3675004243850708,1.0,0.3667537569999695,1.0,8.616960258223116e-05
0.3671759366989136,1.0,0.36655011773109436,1.0,8.610677468823269e-05
0.36694684624671936,1.0,0.36634665727615356,1.0,8.604408503742889e-05
0.3667730689048767,1.0,0.36614346504211426,1.0,8.598153362981975e-05
0.3665376305580139,1.0,0.3659403920173645,1.0,8.591911318944767e-05
0.36635667085647583,1.0,0.3657374680042267,1.0,8.585683099227026e-05
0.3661261796951294,1.0,0.36553484201431274,1.0,8.57946797623299e-05
0.36601364612579346,1.0,0.36533233523368835,1.0,8.573267405154184e-05
0.3657865524291992,1.0,0.36513006687164307,1.0,8.567078475607559e-05
0.36578813195228577,1.0,0.36492791771888733,1.0,8.560904097976163e-05
0.3652783930301666,1.0,0.3647259473800659,1.0,8.554743544664234e-05
0.3650873005390167,1.0,0.3645242154598236,1.0,8.54859608807601e-05
0.364883154630661,1.0,0.36432260274887085,1.0,8.542461000615731e-05
0.3647102117538452,1.0,0.36412128806114197,1.0,8.536339737474918e-05
0.36452481150627136,1.0,0.363920122385025,1.0,8.530231571057811e-05
0.3643268346786499,1.0,0.36371910572052,1.0,8.52413650136441e-05
0.364078164100647,1.0,0.3635183572769165,1.0,8.518053800798953e-05
0.3638697862625122,1.0,0.3633178174495697,1.0,8.511984196957201e-05
0.363679438829422,1.0,0.36311739683151245,1.0,8.505928417434916e-05
0.36348533630371094,1.0,0.3629172742366791,1.0,8.499885734636337e-05
0.3632816970348358,1.0,0.36271730065345764,1.0,8.49385469336994e-05
0.36304154992103577,1.0,0.36251747608184814,1.0,8.48783747642301e-05
0.3628831207752228,1.0,0.36231788992881775,1.0,8.481833356199786e-05
0.3626790940761566,1.0,0.3621184825897217,1.0,8.475840149912983e-05
0.3625073730945587,1.0,0.3619192838668823,1.0,8.469860767945647e-05
0.3622804880142212,1.0,0.3617202043533325,1.0,8.463893755106255e-05
0.362079381942749,1.0,0.3615213632583618,1.0,8.457939838990569e-05
0.36188292503356934,1.0,0.36132264137268066,1.0,8.451997564407066e-05
0.3616500496864319,1.0,0.361124187707901,1.0,8.446069114143029e-05
0.36145055294036865,1.0,0.36092591285705566,1.0,8.440152305411175e-05
0.3612452745437622,1.0,0.3607277572154999,1.0,8.434248593403026e-05
0.3610452711582184,1.0,0.3605298697948456,1.0,8.428356522927061e-05
0.3608633279800415,1.0,0.3603321313858032,1.0,8.422476821579039e-05
0.3606796860694885,1.0,0.3601345419883728,1.0,8.416609489358962e-05
0.3604750335216522,1.0,0.35993728041648865,1.0,8.41075525386259e-05
0.3602792024612427,1.0,0.35974007844924927,1.0,8.404911204706877e-05
0.36006858944892883,1.0,0.3595431447029114,1.0,8.399080252274871e-05
0.3599091172218323,1.0,0.3593463599681854,1.0,8.39326239656657e-05
0.3596968948841095,1.0,0.3591498136520386,1.0,8.387456182390451e-05
0.35948270559310913,1.0,0.35895341634750366,1.0,8.381661609746516e-05
0.35931849479675293,1.0,0.35875725746154785,1.0,8.375878678634763e-05
0.3591211140155792,1.0,0.35856127738952637,1.0,8.370108116650954e-05
0.35888421535491943,1.0,0.3583655059337616,1.0,8.364349923795089e-05
0.35870227217674255,1.0,0.35816991329193115,1.0,8.358603372471407e-05
0.3588240444660187,1.0,0.3579743802547455,1.0,8.352868462679908e-05
0.35830721259117126,1.0,0.3577791452407837,1.0,8.347145194420591e-05
0.3580949008464813,1.0,0.3575840890407562,1.0,8.341433567693457e-05
0.35786697268486023,1.0,0.3573891818523407,1.0,8.335734310094267e-05
0.35769784450531006,1.0,0.3571944236755371,1.0,8.33004669402726e-05
0.357512891292572,1.0,0.3569999635219574,1.0,8.324369264300913e-05
0.3773903250694275,0.9814814925193787,0.356804221868515,1.0,8.318704931298271e-05
0.35735443234443665,1.0,0.3566092252731323,1.0,8.31305151223205e-05
0.3569413721561432,1.0,0.3564147353172302,1.0,8.307410462293774e-05
0.35675662755966187,1.0,0.35622066259384155,1.0,8.301779598696157e-05
0.35657328367233276,1.0,0.35602688789367676,1.0,8.296161104226485e-05
0.35636183619499207,1.0,0.3558335304260254,1.0,8.290553523693234e-05
0.3561972975730896,1.0,0.3556404113769531,1.0,8.284957584692165e-05
0.3559616208076477,1.0,0.35544759035110474,1.0,8.279372559627518e-05
0.3557947278022766,1.0,0.3552549481391907,1.0,8.273799903690815e-05
0.35556626319885254,1.0,0.3550626039505005,1.0,8.26823670649901e-05
0.3553912341594696,1.0,0.354870468378067,1.0,8.262687333626673e-05
0.35524094104766846,1.0,0.35467857122421265,1.0,8.257146691903472e-05
0.3550567030906677,1.0,0.354486882686615,1.0,8.251617691712454e-05
0.3548594117164612,1.0,0.3542954623699188,1.0,8.246099605457857e-05
0.3546302616596222,1.0,0.3541041910648346,1.0,8.240593160735443e-05
0.35446697473526,1.0,0.3539131283760071,1.0,8.23509762994945e-05
0.354244589805603,1.0,0.3537222743034363,1.0,8.22961374069564e-05
0.354056715965271,1.0,0.3535316288471222,1.0,8.22414003778249e-05
0.3538731336593628,1.0,0.35334110260009766,1.0,8.218677248805761e-05
0.35367101430892944,1.0,0.35315078496932983,1.0,8.213225373765454e-05
0.3534683883190155,1.0,0.3529606759548187,1.0,8.207784412661567e-05
0.35328352451324463,1.0,0.35277068614959717,1.0,8.202353637898341e-05
0.35310712456703186,1.0,0.3525809943675995,1.0,8.196934504667297e-05
0.3529432415962219,1.0,0.35239142179489136,1.0,8.191525557776913e-05
0.3527872860431671,1.0,0.35220199823379517,1.0,8.18612752482295e-05
0.3525446653366089,1.0,0.35201284289360046,1.0,8.180740405805409e-05
0.35237571597099304,1.0,0.35182392597198486,1.0,8.175363473128527e-05
0.3521376848220825,1.0,0.3516351282596588,1.0,8.169997454388067e-05
0.3519798219203949,1.0,0.3514464497566223,1.0,8.164641621988267e-05
0.35176074504852295,1.0,0.35125797986984253,1.0,8.159296703524888e-05
0.35163620114326477,1.0,0.35106971859931946,1.0,8.153961971402168e-05
0.3515184223651886,1.0,0.3508817255496979,1.0,8.148637425620109e-05
0.3511851131916046,1.0,0.35069385170936584,1.0,8.143323793774471e-05
0.35101717710494995,1.0,0.35050615668296814,1.0,8.138020348269492e-05
0.3507981598377228,1.0,0.3503186106681824,1.0,8.132727816700935e-05
0.3506500720977783,1.0,0.35013121366500854,1.0,8.127444743877277e-05
0.35041579604148865,1.0,0.34994399547576904,1.0,8.12217258499004e-05
0.35030001401901245,1.0,0.3497569262981415,1.0,8.1169098848477e-05
0.3500687777996063,1.0,0.349570095539093,1.0,8.111658098641783e-05
0.34987980127334595,1.0,0.3493833839893341,1.0,8.106416498776525e-05
0.34972843527793884,1.0,0.34919679164886475,1.0,8.101185085251927e-05
0.34951522946357727,1.0,0.3490104675292969,1.0,8.095963130472228e-05
0.34929847717285156,1.0,0.34882423281669617,1.0,8.09075208962895e-05
0.3743937313556671,0.9814814925193787,0.34863904118537903,1.0,8.08555050753057e-05
0.34896618127822876,1.0,0.3484540581703186,1.0,8.08035911177285e-05
0.34876373410224915,1.0,0.34826934337615967,1.0,8.07517790235579e-05
0.34858375787734985,1.0,0.34808483719825745,1.0,8.07000687927939e-05
0.34837308526039124,1.0,0.34790053963661194,1.0,8.064844587352127e-05
0.348173588514328,1.0,0.3477165102958679,1.0,8.059693936957046e-05
0.35613441467285156,1.0,0.34753167629241943,1.0,8.054552017711103e-05
0.34780052304267883,1.0,0.34734708070755005,1.0,8.04942028480582e-05
0.3476562798023224,1.0,0.3471626043319702,1.0,8.044298010645434e-05
0.34755462408065796,1.0,0.3469783067703247,1.0,8.039185195229948e-05
0.3476262390613556,1.0,0.3467940390110016,1.0,8.034082566155121e-05
0.3470686674118042,1.0,0.34661003947257996,1.0,8.028989395825192e-05
0.34690725803375244,1.0,0.3464260995388031,1.0,8.023906411835924e-05
0.3467303514480591,1.0,0.34624233841896057,1.0,8.018832886591554e-05
0.34652483463287354,1.0,0.34605875611305237,1.0,8.01376809249632e-05
0.34631577134132385,1.0,0.3458753228187561,1.0,8.00871493993327e-05
0.3461335003376007,1.0,0.3456920385360718,1.0,8.003669790923595e-05
0.34598517417907715,1.0,0.3455089032649994,1.0,7.99863482825458e-05
0.3457874655723572,1.0,0.34532588720321655,1.0,7.993607869138941e-05
0.34560978412628174,1.0,0.34514304995536804,1.0,7.988592551555485e-05
0.3453942537307739,1.0,0.3449603319168091,1.0,7.983585237525403e-05
0.4544301927089691,0.9814814925193787,0.3447662591934204,1.0,7.978587382240221e-05
0.34503114223480225,1.0,0.34457361698150635,1.0,7.973598985699937e-05
0.34486186504364014,1.0,0.34438228607177734,1.0,7.968620047904551e-05
0.34471452236175537,1.0,0.3441922068595886,1.0,7.963650568854064e-05
0.3445252776145935,1.0,0.34400320053100586,1.0,7.958690548548475e-05
0.34433454275131226,1.0,0.3438151776790619,1.0,7.953739259392023e-05
0.3441481292247772,1.0,0.34362804889678955,1.0,7.94879742898047e-05
0.3439989686012268,1.0,0.34344184398651123,1.0,7.943865057313815e-05
0.34379953145980835,1.0,0.34325629472732544,1.0,7.938941416796297e-05
0.343609482049942,1.0,0.3430715799331665,1.0,7.934027235023677e-05
0.3434784710407257,1.0,0.3428874611854553,1.0,7.929122511995956e-05
0.3432685136795044,1.0,0.34270399808883667,1.0,7.924227247713134e-05
0.34309279918670654,1.0,0.342521071434021,1.0,7.919339986983687e-05
0.3428893983364105,1.0,0.3423387110233307,1.0,7.914462184999138e-05
0.3427430987358093,1.0,0.3421568274497986,1.0,7.909592386567965e-05
0.3425668776035309,1.0,0.34197545051574707,1.0,7.904732774477452e-05
0.3423929512500763,1.0,0.34179452061653137,1.0,7.899881893536076e-05
0.3422124683856964,1.0,0.34161391854286194,1.0,7.895039016148075e-05
0.3420551121234894,1.0,0.3414338529109955,1.0,7.890206325100735e-05
0.34186241030693054,1.0,0.3412541151046753,1.0,7.885382365202531e-05
0.3416675925254822,1.0,0.34107476472854614,1.0,7.880566408857703e-05
0.34148985147476196,1.0,0.3408956527709961,1.0,7.875759911257774e-05
0.3415256440639496,1.0,0.3407169282436371,1.0,7.870962144806981e-05
0.3412202298641205,1.0,0.34053853154182434,1.0,7.866173109505326e-05
0.34097328782081604,1.0,0.3403604328632355,1.0,7.861392805352807e-05
0.34076693654060364,1.0,0.3401826024055481,1.0,7.856620504753664e-05
0.34076905250549316,1.0,0.340005099773407,1.0,7.85185766289942e-05
0.34041404724121094,1.0,0.3398277759552002,1.0,7.847103552194312e-05
0.3402411937713623,1.0,0.3396507501602173,1.0,7.842358172638342e-05
0.3400901257991791,1.0,0.3394739329814911,1.0,7.837620796635747e-05
0.33989062905311584,1.0,0.339297354221344,1.0,7.832892151782289e-05
0.3397391140460968,1.0,0.3391210436820984,1.0,7.828171510482207e-05
0.3397457003593445,1.0,0.33894485235214233,1.0,7.823459600331262e-05
0.33942294120788574,1.0,0.3387688994407654,1.0,7.818757148925215e-05
0.33923402428627014,1.0,0.33859318494796753,1.0,7.814062701072544e-05
0.33897513151168823,1.0,0.3384176194667816,1.0,7.80937698436901e-05
0.3388349115848541,1.0,0.33824223279953003,1.0,7.804699271218851e-05
0.33862292766571045,1.0,0.33806702494621277,1.0,7.800029561622068e-05
0.3385072648525238,1.0,0.33789199590682983,1.0,7.795369310770184e-05
0.33829376101493835,1.0,0.3377171456813812,1.0,7.790716335875914e-05
0.338125616312027,1.0,0.33754247426986694,1.0,7.78607209213078e-05
0.33793389797210693,1.0,0.337367981672287,1.0,7.781435851939023e-05
0.3378084897994995,1.0,0.33719366788864136,1.0,7.776808342896402e-05
0.3376006484031677,1.0,0.3370194733142853,1.0,7.772189565002918e-05
0.33739662170410156,1.0,0.3368455469608307,1.0,7.76757879066281e-05
0.33724483847618103,1.0,0.33667176961898804,1.0,7.762975292280316e-05
0.3370508849620819,1.0,0.33649805188179016,1.0,7.75838052504696e-05
0.33685752749443054,1.0,0.336324542760849,1.0,7.753793033771217e-05
0.3368568420410156,1.0,0.336151123046875,1.0,7.749214273644611e-05
0.336511492729187,1.0,0.3359779417514801,1.0,7.744644244667143e-05
0.3363296389579773,1.0,0.33580487966537476,1.0,7.74008221924305e-05
0.3361835777759552,1.0,0.33563193678855896,1.0,7.735527469776571e-05
0.33599168062210083,1.0,0.3354591131210327,1.0,7.730981451459229e-05
0.3358047604560852,1.0,0.3352864682674408,1.0,7.726442709099501e-05
0.336721807718277,1.0,0.3351142704486847,1.0,7.721912697888911e-05
0.3354611098766327,1.0,0.33494219183921814,1.0,7.717389962635934e-05
0.3353201448917389,1.0,0.3347702920436859,1.0,7.712875958532095e-05
0.3351060152053833,1.0,0.3345984220504761,1.0,7.70836923038587e-05
0.33493658900260925,1.0,0.3344267010688782,1.0,7.703871233388782e-05
0.3347647488117218,1.0,0.334255188703537,1.0,7.699380512349308e-05
0.3346579372882843,1.0,0.3340836763381958,1.0,7.694897794863209e-05
0.3344068229198456,1.0,0.3339124023914337,1.0,7.690421625738963e-05
0.3342420160770416,1.0,0.33374109864234924,1.0,7.685954915359616e-05
0.3353339433670044,1.0,0.3335700035095215,1.0,7.681495480937883e-05
0.33389022946357727,1.0,0.3333989977836609,1.0,7.677043322473764e-05
0.33372873067855835,1.0,0.33322811126708984,1.0,7.672599167563021e-05
0.33352142572402954,1.0,0.33305731415748596,1.0,7.668163016205654e-05
0.3334334194660187,1.0,0.3328867554664612,1.0,7.6637341408059e-05
0.33326980471611023,1.0,0.33271634578704834,1.0,7.659313268959522e-05
0.33307093381881714,1.0,0.33254602551460266,1.0,7.65490040066652e-05
0.3328525125980377,1.0,0.3323758840560913,1.0,7.65049408073537e-05
0.3326915204524994,1.0,0.33220577239990234,1.0,7.646096491953358e-05
0.3325139880180359,1.0,0.3320358991622925,1.0,7.641705451533198e-05
0.33234190940856934,1.0,0.33186617493629456,1.0,7.637322414666414e-05
0.332148939371109,1.0,0.331696480512619,1.0,7.632948108948767e-05
0.3320419490337372,1.0,0.3315269649028778,1.0,7.628579623997211e-05
0.33183562755584717,1.0,0.33135759830474854,1.0,7.624219142599031e-05
0.3316684067249298,1.0,0.3311883807182312,1.0,7.619865937158465e-05
0.33149775862693787,1.0,0.33101925253868103,1.0,7.615520735271275e-05
0.3313423693180084,1.0,0.3308502733707428,1.0,7.611182809341699e-05
0.3311631977558136,1.0,0.3306814730167389,1.0,7.606851431773975e-05
0.3310340642929077,1.0,0.33051276206970215,1.0,7.602528785355389e-05
0.33081385493278503,1.0,0.3303442597389221,1.0,7.598213414894417e-05
0.33064448833465576,1.0,0.33017584681510925,1.0,7.593903865199536e-05
0.3304813802242279,1.0,0.3300075829029083,1.0,7.589603046653792e-05
0.3303042948246002,1.0,0.32983946800231934,1.0,7.585309504065663e-05
0.33010274171829224,1.0,0.3296714425086975,1.0,7.581021782243624e-05
0.3299587070941925,1.0,0.32950359582901,1.0,7.576742063974962e-05
0.32979443669319153,1.0,0.32933589816093445,1.0,7.572470349259675e-05
0.3296450078487396,1.0,0.32916828989982605,1.0,7.56820518290624e-05
0.3294561207294464,1.0,0.3290008306503296,1.0,7.56394729251042e-05
0.329277366399765,1.0,0.32883355021476746,1.0,7.559697405667976e-05
0.3291154205799103,1.0,0.3286663293838501,1.0,7.555453339591622e-05
0.32895928621292114,1.0,0.32849931716918945,1.0,7.551217277068645e-05
0.328793466091156,1.0,0.32833242416381836,1.0,7.546988490503281e-05
0.32860293984413147,1.0,0.3281656503677368,1.0,7.542766252299771e-05
0.32843607664108276,1.0,0.3279990553855896,1.0,7.538551290053874e-05
0.3282725512981415,1.0,0.32783254981040955,1.0,7.53434287616983e-05
0.3281046450138092,1.0,0.32766613364219666,1.0,7.530142465839162e-05
0.32796281576156616,1.0,0.3274999260902405,1.0,7.525947876274586e-05
0.3278113007545471,1.0,0.327333927154541,1.0,7.521760562667623e-05
0.32759034633636475,1.0,0.32716789841651917,1.0,7.517581252614036e-05
0.3274308443069458,1.0,0.32700204849243164,1.0,7.51340776332654e-05
0.3272864818572998,1.0,0.32683640718460083,1.0,7.50924227759242e-05
0.3271658718585968,1.0,0.3266708254814148,1.0,7.505084067815915e-05
0.32695651054382324,1.0,0.32650548219680786,1.0,7.500930951209739e-05
0.3267860412597656,1.0,0.3263402581214905,1.0,7.496785838156939e-05
0.32670915126800537,1.0,0.32617515325546265,1.0,7.492647273465991e-05
0.3264491856098175,1.0,0.32601022720336914,1.0,7.488515984732658e-05
0.32630276679992676,1.0,0.3258454501628876,1.0,7.484390516765416e-05
0.3261376619338989,1.0,0.32568079233169556,1.0,7.480273052351549e-05
0.3259560763835907,1.0,0.3255162835121155,1.0,7.476161408703774e-05
0.325780987739563,1.0,0.32535189390182495,1.0,7.472057041013613e-05
0.3256182074546814,1.0,0.32518768310546875,1.0,7.467959949281067e-05
0.3254484534263611,1.0,0.3250235319137573,1.0,7.463869405910373e-05
0.32529422640800476,1.0,0.3248595595359802,1.0,7.459785410901532e-05
0.3251200020313263,1.0,0.3246957063674927,1.0,7.455707964254543e-05
0.3249543011188507,1.0,0.3245319724082947,1.0,7.451636338373646e-05
0.3247818350791931,1.0,0.32436832785606384,1.0,7.447572716046125e-05
0.32460877299308777,1.0,0.32420486211776733,1.0,7.443514914484695e-05
0.3244686424732208,1.0,0.32404154539108276,1.0,7.439463661285117e-05
0.32428792119026184,1.0,0.32387834787368774,1.0,7.435419684043154e-05
0.3241904079914093,1.0,0.3237152397632599,1.0,7.431382255163044e-05
0.32396695017814636,1.0,0.32355231046676636,1.0,7.427350647049025e-05
0.32380321621894836,1.0,0.32338947057724,1.0,7.42332631489262e-05
0.3236362040042877,1.0,0.32322683930397034,1.0,7.419307803502306e-05
0.3235037624835968,1.0,0.32306426763534546,1.0,7.415296568069607e-05
0.3233054578304291,1.0,0.3229018747806549,1.0,7.411291153402999e-05
0.3231472373008728,1.0,0.3227396309375763,1.0,7.407293014694005e-05
0.3229776918888092,1.0,0.32257750630378723,1.0,7.403300696751103e-05
0.3228282630443573,1.0,0.32241547107696533,1.0,7.399315654765815e-05
0.3226568102836609,1.0,0.32225358486175537,1.0,7.395335705950856e-05
0.32253992557525635,1.0,0.3220919072628021,1.0,7.391363760689273e-05
0.32232654094696045,1.0,0.32193025946617126,1.0,7.387396181002259e-05
0.3221827745437622,1.0,0.3217688500881195,1.0,7.38343660486862e-05
0.32201331853866577,1.0,0.32160744071006775,1.0,7.379482849501073e-05
0.32184526324272156,1.0,0.3214462399482727,1.0,7.37553637009114e-05
0.32169830799102783,1.0,0.321285218000412,1.0,7.371595711447299e-05
0.32153433561325073,1.0,0.32112422585487366,1.0,7.367660145973787e-05
0.32136428356170654,1.0,0.32096344232559204,1.0,7.36373258405365e-05
0.32119905948638916,1.0,0.3208027184009552,1.0,7.359810115303844e-05
0.32105886936187744,1.0,0.32064226269721985,1.0,7.355894194915891e-05
0.3208811283111572,1.0,0.3204817473888397,1.0,7.35198482288979e-05
0.32072538137435913,1.0,0.32032155990600586,1.0,7.34808127162978e-05
0.32058393955230713,1.0,0.320161372423172,1.0,7.344184268731624e-05
0.32041260600090027,1.0,0.32000139355659485,1.0,7.340292359003797e-05
0.3202264606952667,1.0,0.31984150409698486,1.0,7.336408452829346e-05
0.3200855553150177,1.0,0.3196817636489868,1.0,7.332529639825225e-05
0.31991884112358093,1.0,0.3195221424102783,1.0,7.328657375182956e-05
0.3197646737098694,1.0,0.3193626403808594,1.0,7.32479093130678e-05
0.3195870816707611,1.0,0.31920325756073,1.0,7.320930308196694e-05
0.3194403350353241,1.0,0.3190440237522125,1.0,7.317076233448461e-05
0.31927627325057983,1.0,0.3188849687576294,1.0,7.31322870706208e-05
0.319122850894928,1.0,0.31872597336769104,1.0,7.30938627384603e-05
0.3189818561077118,1.0,0.3185671865940094,1.0,7.305550388991833e-05
0.31880423426628113,1.0,0.31840845942497253,1.0,7.301721052499488e-05
0.3186459243297577,1.0,0.3182498812675476,1.0,7.297896081581712e-05
0.3184911608695984,1.0,0.3180915117263794,1.0,7.294079114217311e-05
0.3183863162994385,1.0,0.31793320178985596,1.0,7.29026724002324e-05
0.31816306710243225,1.0,0.31777510046958923,1.0,7.286461186595261e-05
0.31800663471221924,1.0,0.31761714816093445,1.0,7.282660953933373e-05
0.31783872842788696,1.0,0.31745922565460205,1.0,7.278867269633338e-05
0.31770890951156616,1.0,0.3173014521598816,1.0,7.275078678503633e-05
0.3175313174724579,1.0,0.31714385747909546,1.0,7.271295908140019e-05
0.317369282245636,1.0,0.3169862926006317,1.0,7.267519686138257e-05
0.31721755862236023,1.0,0.31682896614074707,1.0,7.263750012498349e-05
0.3170521557331085,1.0,0.3166716992855072,1.0,7.25998543202877e-05
0.31691253185272217,1.0,0.3165145814418793,1.0,7.256226672325283e-05
0.31675201654434204,1.0,0.3163576126098633,1.0,7.252473733387887e-05
0.3165871798992157,1.0,0.31620073318481445,1.0,7.248726615216583e-05
0.31643497943878174,1.0,0.3160439729690552,1.0,7.24498531781137e-05
0.3162737488746643,1.0,0.315887451171875,1.0,7.241249841172248e-05
0.31612876057624817,1.0,0.3157309293746948,1.0,7.237519457703456e-05
0.3159923553466797,1.0,0.31557464599609375,1.0,7.233795622596517e-05
0.3158036470413208,1.0,0.3154184818267822,1.0,7.23007760825567e-05
0.315650999546051,1.0,0.3152623474597931,1.0,7.226365414680913e-05
0.315512090921402,1.0,0.31510645151138306,1.0,7.222659041872248e-05
0.31534579396247864,1.0,0.314950555562973,1.0,7.218957762233913e-05
0.31519120931625366,1.0,0.3147948682308197,1.0,7.215262303361669e-05
0.31501415371894836,1.0,0.31463930010795593,1.0,7.211572665255517e-05
0.31490328907966614,1.0,0.3144838213920593,1.0,7.207888847915456e-05
0.31470224261283875,1.0,0.3143285810947418,1.0,7.204210123745725e-05
0.31455886363983154,1.0,0.31417331099510193,1.0,7.200537220342085e-05
0.3144058883190155,1.0,0.31401827931404114,1.0,7.196870137704536e-05
0.31431108713150024,1.0,0.3138633668422699,1.0,7.193208148237318e-05
0.3140809237957001,1.0,0.3137085735797882,1.0,7.189552707131952e-05
0.3156191110610962,1.0,0.3135543763637543,1.0,7.185902359196916e-05
0.3137728273868561,1.0,0.3134002685546875,1.0,7.18225710443221e-05
0.3136095404624939,1.0,0.3132462203502655,1.0,7.178617670433596e-05
0.3134779632091522,1.0,0.31309226155281067,1.0,7.174983329605311e-05
0.31330928206443787,1.0,0.3129384517669678,1.0,7.171355537138879e-05
0.31314560770988464,1.0,0.3127846419811249,1.0,7.167732837842777e-05
0.3129899501800537,1.0,0.31263095140457153,1.0,7.164115231717005e-05
0.3128478527069092,1.0,0.31247738003730774,1.0,7.160503446357325e-05
0.31271252036094666,1.0,0.3123238980770111,1.0,7.156897481763735e-05
0.3125400245189667,1.0,0.3121705651283264,1.0,7.153296610340476e-05
0.31237518787384033,1.0,0.31201717257499695,1.0,7.149700832087547e-05
0.31221505999565125,1.0,0.3118640184402466,1.0,7.146110874600708e-05
0.3120894134044647,1.0,0.31171098351478577,1.0,7.1425260102842e-05
0.3119566738605499,1.0,0.3115580081939697,1.0,7.138946966733783e-05
0.3117722272872925,1.0,0.31140515208244324,1.0,7.135372288757935e-05
